partner,sku
GRANDINSTRUMENT,100741
GRANDINSTRUMENT,AWR2250
GRANDINSTRUMENT,AWR2300
GRANDINSTRUMENT,CKK0118
GRANDINSTRUMENT,EHF0500
GRANDINSTRUMENT,FC8030
GRANDINSTRUMENT,HKS0902
GRANDINSTRUMENT,HSP0300
GRANDINSTRUMENT,IDC0107
GRANDINSTRUMENT,ILN0108
GRANDINSTRUMENT,IPL0108
GRANDINSTRUMENT,LL102G
GRANDINSTRUMENT,LWH0040
GRANDINSTRUMENT,MWS0101
GRANDINSTRUMENT,NFGW0601ST
GRANDINSTRUMENT,NKK12ST-S
GRANDINSTRUMENT,NKK12STA
GRANDINSTRUMENT,NKK14STA-S
GRANDINSTRUMENT,PLC0701
GRANDINSTRUMENT,PLLN0108
GRANDINSTRUMENT,PLSC0108
GRANDINSTRUMENT,PLWP0110
GRANDINSTRUMENT,PM320
GRANDINSTRUMENT,PM8908C
GRANDINSTRUMENT,PMT-0519
GRANDINSTRUMENT,PRO-FL0315S
GRANDINSTRUMENT,PRO-WS0031
GRANDINSTRUMENT,PWHD0010
GRANDINSTRUMENT,PWHD0014
GRANDINSTRUMENT,SDS07
GRANDINSTRUMENT,SHR2905
GRANDINSTRUMENT,SPP0301
GRANDINSTRUMENT,ST-1446
GRANDINSTRUMENT,STM-0094-6
GRANDINSTRUMENT,STM-0108-6
GRANDINSTRUMENT,TKS0902
SIGMA,1193101
SIGMA,1303311
SIGMA,1719691
SIGMA,2723051
SIGMA,3734082
SIGMA,3922161
SIGMA,4008411
SIGMA,4017092
SIGMA,4333121
SIGMA,7411422
SIGMA,7417502
SIGMA,8021701
SIGMA,8219105
SIGMA,8301751
SIGMA,8303141
SIGMA,8311971
SIGMA,8312171
SIGMA,8314225
SIGMA,8314341
SIGMA,8316755
SIGMA,8322211
SIGMA,8322351
SIGMA,8322361
SIGMA,8340231
SIGMA,8402421
SIGMA,8425171
SIGMA,9110031
SIGMA,9114251
SIGMA,9114271
SIGMA,9114291
SIGMA,9114311
SIGMA,9411001
SIGMA,9417491
SIGMA,9419111
SIGMA,9419311
SIGMA,9420611
SIGMA,9446441
ZAINSTRUMENTOM,1103-2013
ZAINSTRUMENTOM,1109-0872
ZAINSTRUMENTOM,1109-0881
ZAINSTRUMENTOM,1203-2057
ZAINSTRUMENTOM,122510-2KH
ZAINSTRUMENTOM,122607-2K
ZAINSTRUMENTOM,123628-2K
ZAINSTRUMENTOM,123958-2K
ZAINSTRUMENTOM,1239800G5-Z
ZAINSTRUMENTOM,124010-3K
ZAINSTRUMENTOM,1602-2754
ZAINSTRUMENTOM,1602-2755
ZAINSTRUMENTOM,1602-2756
ZAINSTRUMENTOM,1602-2757
ZAINSTRUMENTOM,16371
ZAINSTRUMENTOM,20039
ZAINSTRUMENTOM,3004-0332
ZAINSTRUMENTOM,50478
ZAINSTRUMENTOM,90155
ZAINSTRUMENTOM,FIBAFUSE MAX
ZAINSTRUMENTOM,YT-7400
ZAINSTRUMENTOM,YT-82055
ZAINSTRUMENTOM,YT-827722
ZAINSTRUMENTOM,YT-82786
ZAINSTRUMENTOM,YT-828461
ZAINSTRUMENTOM,Z902L2R200
